POPULACAO,NUM_CASOS_SEM,TAXA_INC_SEM,NUM_CASOS_MES,TAXA_INC_MES,DT_NOTIFIC,NUM_CASOS_DIARIOS,PERIODO,SURTO
1633697.0,5,0.30605430505167114,15,0.9181629151550135,2017-01-05,2,2017-01,0
1633697.0,5,0.30605430505167114,15,0.9181629151550135,2017-01-06,1,2017-01,0
1633697.0,5,0.30605430505167114,15,0.9181629151550135,2017-01-07,2,2017-01,0
1633697.0,2,0.12242172202066846,15,0.9181629151550135,2017-01-11,2,2017-01,0
1633697.0,1,0.06121086101033423,15,0.9181629151550135,2017-01-16,1,2017-01,0
1633697.0,6,0.3672651660620054,15,0.9181629151550135,2017-01-23,3,2017-01,0
1633697.0,6,0.3672651660620054,15,0.9181629151550135,2017-01-28,3,2017-01,0
1633697.0,7,0.4284760270723396,15,0.9181629151550135,2017-01-30,1,2017-01,0
1633697.0,7,0.4284760270723396,26,1.59148238626869,2017-02-01,1,2017-02,1
1633697.0,7,0.4284760270723396,26,1.59148238626869,2017-02-02,3,2017-02,1
1633697.0,7,0.4284760270723396,26,1.59148238626869,2017-02-03,1,2017-02,1
1633697.0,7,0.4284760270723396,26,1.59148238626869,2017-02-04,1,2017-02,1
1633697.0,6,0.3672651660620054,26,1.59148238626869,2017-02-08,1,2017-02,1
1633697.0,6,0.3672651660620054,26,1.59148238626869,2017-02-09,1,2017-02,1
1633697.0,6,0.3672651660620054,26,1.59148238626869,2017-02-10,1,2017-02,1
1633697.0,6,0.3672651660620054,26,1.59148238626869,2017-02-11,1,2017-02,1
1633697.0,6,0.3672651660620054,26,1.59148238626869,2017-02-12,2,2017-02,1
1633697.0,7,0.4284760270723396,26,1.59148238626869,2017-02-13,2,2017-02,1
1633697.0,7,0.4284760270723396,26,1.59148238626869,2017-02-14,5,2017-02,1
1633697.0,7,0.4284760270723396,26,1.59148238626869,2017-02-20,1,2017-02,1
1633697.0,7,0.4284760270723396,26,1.59148238626869,2017-02-21,1,2017-02,1
1633697.0,7,0.4284760270723396,26,1.59148238626869,2017-02-22,1,2017-02,1
1633697.0,7,0.4284760270723396,26,1.59148238626869,2017-02-23,1,2017-02,1
1633697.0,7,0.4284760270723396,26,1.59148238626869,2017-02-25,1,2017-02,1
1633697.0,7,0.4284760270723396,26,1.59148238626869,2017-02-26,2,2017-02,1
1633697.0,6,0.3672651660620054,46,2.8156996064753743,2017-03-01,1,2017-03,1
1633697.0,6,0.3672651660620054,46,2.8156996064753743,2017-03-03,4,2017-03,1
1633697.0,6,0.3672651660620054,46,2.8156996064753743,2017-03-04,1,2017-03,1
1633697.0,4,0.24484344404133693,46,2.8156996064753743,2017-03-06,1,2017-03,1
1633697.0,4,0.24484344404133693,46,2.8156996064753743,2017-03-07,2,2017-03,1
1633697.0,4,0.24484344404133693,46,2.8156996064753743,2017-03-08,1,2017-03,1
1633697.0,2,0.12242172202066846,46,2.8156996064753743,2017-03-13,1,2017-03,1
1633697.0,2,0.12242172202066846,46,2.8156996064753743,2017-03-15,1,2017-03,1
1633697.0,24,1.4690606642480215,46,2.8156996064753743,2017-03-20,8,2017-03,1
1633697.0,24,1.4690606642480215,46,2.8156996064753743,2017-03-21,10,2017-03,1
1633697.0,24,1.4690606642480215,46,2.8156996064753743,2017-03-24,6,2017-03,1
1633697.0,12,0.7345303321240108,46,2.8156996064753743,2017-03-27,8,2017-03,1
1633697.0,12,0.7345303321240108,46,2.8156996064753743,2017-03-28,1,2017-03,1
1633697.0,12,0.7345303321240108,46,2.8156996064753743,2017-03-30,1,2017-03,1
1633697.0,12,0.7345303321240108,4,0.24484344404133693,2017-04-02,2,2017-04,0
1633697.0,2,0.12242172202066846,4,0.24484344404133693,2017-04-19,1,2017-04,0
1633697.0,2,0.12242172202066846,4,0.24484344404133693,2017-04-21,1,2017-04,0
1633697.0,10,0.6121086101033423,39,2.387223579403035,2017-05-02,1,2017-05,1
1633697.0,10,0.6121086101033423,39,2.387223579403035,2017-05-03,2,2017-05,1
1633697.0,10,0.6121086101033423,39,2.387223579403035,2017-05-04,1,2017-05,1
1633697.0,10,0.6121086101033423,39,2.387223579403035,2017-05-05,6,2017-05,1
1633697.0,25,1.5302715252583556,39,2.387223579403035,2017-05-08,9,2017-05,1
1633697.0,25,1.5302715252583556,39,2.387223579403035,2017-05-09,7,2017-05,1
1633697.0,25,1.5302715252583556,39,2.387223579403035,2017-05-10,5,2017-05,1
1633697.0,25,1.5302715252583556,39,2.387223579403035,2017-05-11,3,2017-05,1
1633697.0,25,1.5302715252583556,39,2.387223579403035,2017-05-12,1,2017-05,1
1633697.0,1,0.06121086101033423,39,2.387223579403035,2017-05-16,1,2017-05,1
1633697.0,3,0.1836325830310027,39,2.387223579403035,2017-05-22,1,2017-05,1
1633697.0,3,0.1836325830310027,39,2.387223579403035,2017-05-25,1,2017-05,1
1633697.0,3,0.1836325830310027,39,2.387223579403035,2017-05-26,1,2017-05,1
1633697.0,1,0.06121086101033423,14,0.8569520541446792,2017-06-04,1,2017-06,0
1633697.0,5,0.30605430505167114,14,0.8569520541446792,2017-06-05,1,2017-06,0
1633697.0,5,0.30605430505167114,14,0.8569520541446792,2017-06-06,2,2017-06,0
1633697.0,5,0.30605430505167114,14,0.8569520541446792,2017-06-07,2,2017-06,0
1633697.0,7,0.4284760270723396,14,0.8569520541446792,2017-06-19,5,2017-06,0
1633697.0,7,0.4284760270723396,14,0.8569520541446792,2017-06-21,1,2017-06,0
1633697.0,7,0.4284760270723396,14,0.8569520541446792,2017-06-22,1,2017-06,0
1633697.0,1,0.06121086101033423,14,0.8569520541446792,2017-06-30,1,2017-06,0
1633697.0,4,0.24484344404133693,4,0.24484344404133693,2017-07-17,2,2017-07,0
1633697.0,4,0.24484344404133693,4,0.24484344404133693,2017-07-18,1,2017-07,0
1633697.0,4,0.24484344404133693,4,0.24484344404133693,2017-07-20,1,2017-07,0
1633697.0,4,0.24484344404133693,9,0.550897749093008,2017-08-01,1,2017-08,0
1633697.0,4,0.24484344404133693,9,0.550897749093008,2017-08-02,1,2017-08,0
1633697.0,4,0.24484344404133693,9,0.550897749093008,2017-08-03,2,2017-08,0
1633697.0,3,0.1836325830310027,9,0.550897749093008,2017-08-07,1,2017-08,0
1633697.0,3,0.1836325830310027,9,0.550897749093008,2017-08-09,1,2017-08,0
1633697.0,3,0.1836325830310027,9,0.550897749093008,2017-08-13,1,2017-08,0
1633697.0,2,0.12242172202066846,9,0.550897749093008,2017-08-15,1,2017-08,0
1633697.0,2,0.12242172202066846,9,0.550897749093008,2017-08-18,1,2017-08,0
1633697.0,1,0.06121086101033423,3,0.1836325830310027,2017-09-01,1,2017-09,0
1633697.0,1,0.06121086101033423,3,0.1836325830310027,2017-09-04,1,2017-09,0
1633697.0,1,0.06121086101033423,3,0.1836325830310027,2017-09-25,1,2017-09,0
1633697.0,2,0.12242172202066846,7,0.4284760270723396,2017-10-03,1,2017-10,0
1633697.0,2,0.12242172202066846,7,0.4284760270723396,2017-10-06,1,2017-10,0
1633697.0,1,0.06121086101033423,7,0.4284760270723396,2017-10-17,1,2017-10,0
1633697.0,3,0.1836325830310027,7,0.4284760270723396,2017-10-23,1,2017-10,0
1633697.0,3,0.1836325830310027,7,0.4284760270723396,2017-10-27,2,2017-10,0
1633697.0,1,0.06121086101033423,7,0.4284760270723396,2017-10-30,1,2017-10,0
1633697.0,1,0.06121086101033423,2,0.12242172202066846,2017-11-13,1,2017-11,0
1633697.0,1,0.06121086101033423,2,0.12242172202066846,2017-11-21,1,2017-11,0
1633697.0,2,0.12242172202066846,2,0.12242172202066846,2017-12-11,1,2017-12,0
1633697.0,2,0.12242172202066846,2,0.12242172202066846,2017-12-13,1,2017-12,0
1637834.0,7,0.42739374075761033,11,0.6716187354762448,2018-01-03,6,2018-01,0
1637834.0,7,0.42739374075761033,11,0.6716187354762448,2018-01-05,1,2018-01,0
1637834.0,1,0.06105624867965862,11,0.6716187354762448,2018-01-17,1,2018-01,0
1637834.0,3,0.18316874603897587,11,0.6716187354762448,2018-01-22,1,2018-01,0
1637834.0,3,0.18316874603897587,11,0.6716187354762448,2018-01-25,2,2018-01,0
1637834.0,2,0.12211249735931724,12,0.7326749841559035,2018-02-08,1,2018-02,0
1637834.0,2,0.12211249735931724,12,0.7326749841559035,2018-02-10,1,2018-02,0
1637834.0,2,0.12211249735931724,12,0.7326749841559035,2018-02-14,1,2018-02,0
1637834.0,2,0.12211249735931724,12,0.7326749841559035,2018-02-17,1,2018-02,0
1637834.0,7,0.42739374075761033,12,0.7326749841559035,2018-02-19,1,2018-02,0
1637834.0,7,0.42739374075761033,12,0.7326749841559035,2018-02-20,3,2018-02,0
1637834.0,7,0.42739374075761033,12,0.7326749841559035,2018-02-22,1,2018-02,0
1637834.0,7,0.42739374075761033,12,0.7326749841559035,2018-02-23,2,2018-02,0
1637834.0,1,0.06105624867965862,12,0.7326749841559035,2018-02-26,1,2018-02,0
1637834.0,2,0.12211249735931724,7,0.42739374075761033,2018-03-09,2,2018-03,0
1637834.0,3,0.18316874603897587,7,0.42739374075761033,2018-03-13,1,2018-03,0
1637834.0,3,0.18316874603897587,7,0.42739374075761033,2018-03-15,2,2018-03,0
1637834.0,1,0.06105624867965862,7,0.42739374075761033,2018-03-21,1,2018-03,0
1637834.0,1,0.06105624867965862,7,0.42739374075761033,2018-03-29,1,2018-03,0
1637834.0,7,0.42739374075761033,22,1.3432374709524897,2018-04-04,2,2018-04,0
1637834.0,7,0.42739374075761033,22,1.3432374709524897,2018-04-05,1,2018-04,0
1637834.0,7,0.42739374075761033,22,1.3432374709524897,2018-04-06,4,2018-04,0
1637834.0,6,0.36633749207795174,22,1.3432374709524897,2018-04-09,1,2018-04,0
1637834.0,6,0.36633749207795174,22,1.3432374709524897,2018-04-10,1,2018-04,0
1637834.0,6,0.36633749207795174,22,1.3432374709524897,2018-04-11,1,2018-04,0
1637834.0,6,0.36633749207795174,22,1.3432374709524897,2018-04-12,1,2018-04,0
1637834.0,6,0.36633749207795174,22,1.3432374709524897,2018-04-13,2,2018-04,0
1637834.0,5,0.3052812433982931,22,1.3432374709524897,2018-04-19,3,2018-04,0
1637834.0,5,0.3052812433982931,22,1.3432374709524897,2018-04-20,2,2018-04,0
1637834.0,4,0.24422499471863449,22,1.3432374709524897,2018-04-23,2,2018-04,0
1637834.0,4,0.24422499471863449,22,1.3432374709524897,2018-04-24,1,2018-04,0
1637834.0,4,0.24422499471863449,22,1.3432374709524897,2018-04-25,1,2018-04,0
1637834.0,4,0.24422499471863449,13,0.7937312328355621,2018-05-03,2,2018-05,0
1637834.0,4,0.24422499471863449,13,0.7937312328355621,2018-05-04,2,2018-05,0
1637834.0,2,0.12211249735931724,13,0.7937312328355621,2018-05-08,2,2018-05,0
1637834.0,2,0.12211249735931724,13,0.7937312328355621,2018-05-15,1,2018-05,0
1637834.0,2,0.12211249735931724,13,0.7937312328355621,2018-05-17,1,2018-05,0
1637834.0,3,0.18316874603897587,13,0.7937312328355621,2018-05-21,1,2018-05,0
1637834.0,3,0.18316874603897587,13,0.7937312328355621,2018-05-23,2,2018-05,0
1637834.0,2,0.12211249735931724,13,0.7937312328355621,2018-05-28,2,2018-05,0
1637834.0,22,1.3432374709524897,29,1.7706312117101,2018-06-04,10,2018-06,0
1637834.0,22,1.3432374709524897,29,1.7706312117101,2018-06-05,7,2018-06,0
1637834.0,22,1.3432374709524897,29,1.7706312117101,2018-06-06,3,2018-06,0
1637834.0,22,1.3432374709524897,29,1.7706312117101,2018-06-08,2,2018-06,0
1637834.0,4,0.24422499471863449,29,1.7706312117101,2018-06-11,1,2018-06,0
1637834.0,4,0.24422499471863449,29,1.7706312117101,2018-06-12,2,2018-06,0
1637834.0,4,0.24422499471863449,29,1.7706312117101,2018-06-14,1,2018-06,0
1637834.0,3,0.18316874603897587,29,1.7706312117101,2018-06-28,3,2018-06,0
1637834.0,2,0.12211249735931724,14,0.8547874815152207,2018-07-03,1,2018-07,0
1637834.0,2,0.12211249735931724,14,0.8547874815152207,2018-07-06,1,2018-07,0
1637834.0,3,0.18316874603897587,14,0.8547874815152207,2018-07-09,1,2018-07,0
1637834.0,3,0.18316874603897587,14,0.8547874815152207,2018-07-10,1,2018-07,0
1637834.0,3,0.18316874603897587,14,0.8547874815152207,2018-07-12,1,2018-07,0
1637834.0,2,0.12211249735931724,14,0.8547874815152207,2018-07-20,2,2018-07,0
1637834.0,1,0.06105624867965862,14,0.8547874815152207,2018-07-23,1,2018-07,0
1637834.0,9,0.5495062381169276,14,0.8547874815152207,2018-07-30,4,2018-07,0
1637834.0,9,0.5495062381169276,14,0.8547874815152207,2018-07-31,2,2018-07,0
1637834.0,9,0.5495062381169276,19,1.1600687249135138,2018-08-02,2,2018-08,0
1637834.0,9,0.5495062381169276,19,1.1600687249135138,2018-08-03,1,2018-08,0
1637834.0,6,0.36633749207795174,19,1.1600687249135138,2018-08-13,3,2018-08,0
1637834.0,6,0.36633749207795174,19,1.1600687249135138,2018-08-14,1,2018-08,0
1637834.0,6,0.36633749207795174,19,1.1600687249135138,2018-08-15,1,2018-08,0
1637834.0,6,0.36633749207795174,19,1.1600687249135138,2018-08-16,1,2018-08,0
1637834.0,2,0.12211249735931724,19,1.1600687249135138,2018-08-20,1,2018-08,0
1637834.0,2,0.12211249735931724,19,1.1600687249135138,2018-08-21,1,2018-08,0
1637834.0,8,0.48844998943726897,19,1.1600687249135138,2018-08-27,3,2018-08,0
1637834.0,8,0.48844998943726897,19,1.1600687249135138,2018-08-30,4,2018-08,0
1637834.0,8,0.48844998943726897,19,1.1600687249135138,2018-08-31,1,2018-08,0
1637834.0,1,0.06105624867965862,10,0.6105624867965862,2018-09-04,1,2018-09,0
1637834.0,3,0.18316874603897587,10,0.6105624867965862,2018-09-10,1,2018-09,0
1637834.0,3,0.18316874603897587,10,0.6105624867965862,2018-09-13,1,2018-09,0
1637834.0,3,0.18316874603897587,10,0.6105624867965862,2018-09-14,1,2018-09,0
1637834.0,2,0.12211249735931724,10,0.6105624867965862,2018-09-20,2,2018-09,0
1637834.0,4,0.24422499471863449,10,0.6105624867965862,2018-09-24,2,2018-09,0
1637834.0,4,0.24422499471863449,10,0.6105624867965862,2018-09-26,1,2018-09,0
1637834.0,4,0.24422499471863449,10,0.6105624867965862,2018-09-28,1,2018-09,0
1637834.0,2,0.12211249735931724,10,0.6105624867965862,2018-10-08,1,2018-10,0
1637834.0,2,0.12211249735931724,10,0.6105624867965862,2018-10-10,1,2018-10,0
1637834.0,3,0.18316874603897587,10,0.6105624867965862,2018-10-15,1,2018-10,0
1637834.0,3,0.18316874603897587,10,0.6105624867965862,2018-10-16,1,2018-10,0
1637834.0,3,0.18316874603897587,10,0.6105624867965862,2018-10-17,1,2018-10,0
1637834.0,2,0.12211249735931724,10,0.6105624867965862,2018-10-23,1,2018-10,0
1637834.0,2,0.12211249735931724,10,0.6105624867965862,2018-10-25,1,2018-10,0
1637834.0,4,0.24422499471863449,10,0.6105624867965862,2018-10-31,3,2018-10,0
1637834.0,4,0.24422499471863449,16,0.9768999788745379,2018-11-02,1,2018-11,0
1637834.0,3,0.18316874603897587,16,0.9768999788745379,2018-11-05,1,2018-11,0
1637834.0,3,0.18316874603897587,16,0.9768999788745379,2018-11-10,1,2018-11,0
1637834.0,3,0.18316874603897587,16,0.9768999788745379,2018-11-11,1,2018-11,0
1637834.0,3,0.18316874603897587,16,0.9768999788745379,2018-11-12,1,2018-11,0
1637834.0,3,0.18316874603897587,16,0.9768999788745379,2018-11-13,1,2018-11,0
1637834.0,3,0.18316874603897587,16,0.9768999788745379,2018-11-14,1,2018-11,0
1637834.0,1,0.06105624867965862,16,0.9768999788745379,2018-11-22,1,2018-11,0
1637834.0,8,0.48844998943726897,16,0.9768999788745379,2018-11-26,5,2018-11,0
1637834.0,8,0.48844998943726897,16,0.9768999788745379,2018-11-28,1,2018-11,0
1637834.0,8,0.48844998943726897,16,0.9768999788745379,2018-11-29,1,2018-11,0
1637834.0,8,0.48844998943726897,16,0.9768999788745379,2018-11-30,1,2018-11,0
1637834.0,2,0.12211249735931724,9,0.5495062381169276,2018-12-03,1,2018-12,0
1637834.0,2,0.12211249735931724,9,0.5495062381169276,2018-12-04,1,2018-12,0
1637834.0,3,0.18316874603897587,9,0.5495062381169276,2018-12-10,1,2018-12,0
1637834.0,3,0.18316874603897587,9,0.5495062381169276,2018-12-13,2,2018-12,0
1637834.0,3,0.18316874603897587,9,0.5495062381169276,2018-12-18,2,2018-12,0
1637834.0,3,0.18316874603897587,9,0.5495062381169276,2018-12-19,1,2018-12,0
1637834.0,1,0.06105624867965862,9,0.5495062381169276,2018-12-26,1,2018-12,0
1645727.0,2,0.12152683889855365,18,1.093741550086983,2019-01-03,1,2019-01,0
1645727.0,8,0.4861073555942146,18,1.093741550086983,2019-01-07,3,2019-01,0
1645727.0,8,0.4861073555942146,18,1.093741550086983,2019-01-08,2,2019-01,0
1645727.0,8,0.4861073555942146,18,1.093741550086983,2019-01-10,2,2019-01,0
1645727.0,8,0.4861073555942146,18,1.093741550086983,2019-01-13,1,2019-01,0
1645727.0,4,0.2430536777971073,18,1.093741550086983,2019-01-15,1,2019-01,0
1645727.0,4,0.2430536777971073,18,1.093741550086983,2019-01-16,1,2019-01,0
1645727.0,4,0.2430536777971073,18,1.093741550086983,2019-01-17,1,2019-01,0
1645727.0,4,0.2430536777971073,18,1.093741550086983,2019-01-18,1,2019-01,0
1645727.0,1,0.06076341944927682,18,1.093741550086983,2019-01-25,1,2019-01,0
1645727.0,4,0.2430536777971073,18,1.093741550086983,2019-01-28,2,2019-01,0
1645727.0,4,0.2430536777971073,18,1.093741550086983,2019-01-29,1,2019-01,0
1645727.0,4,0.2430536777971073,18,1.093741550086983,2019-01-31,1,2019-01,0
1645727.0,9,0.5468707750434915,13,0.7899244528405988,2019-02-11,3,2019-02,0
1645727.0,9,0.5468707750434915,13,0.7899244528405988,2019-02-13,4,2019-02,0
1645727.0,9,0.5468707750434915,13,0.7899244528405988,2019-02-14,1,2019-02,0
1645727.0,9,0.5468707750434915,13,0.7899244528405988,2019-02-15,1,2019-02,0
1645727.0,2,0.12152683889855365,13,0.7899244528405988,2019-02-21,1,2019-02,0
1645727.0,2,0.12152683889855365,13,0.7899244528405988,2019-02-22,1,2019-02,0
1645727.0,3,0.18229025834783047,13,0.7899244528405988,2019-02-26,1,2019-02,0
1645727.0,3,0.18229025834783047,13,0.7899244528405988,2019-02-28,1,2019-02,0
1645727.0,3,0.18229025834783047,15,0.9114512917391524,2019-03-03,1,2019-03,0
1645727.0,3,0.18229025834783047,15,0.9114512917391524,2019-03-08,2,2019-03,0
1645727.0,3,0.18229025834783047,15,0.9114512917391524,2019-03-10,1,2019-03,0
1645727.0,5,0.3038170972463841,15,0.9114512917391524,2019-03-11,3,2019-03,0
1645727.0,5,0.3038170972463841,15,0.9114512917391524,2019-03-12,1,2019-03,0
1645727.0,5,0.3038170972463841,15,0.9114512917391524,2019-03-15,1,2019-03,0
1645727.0,2,0.12152683889855365,15,0.9114512917391524,2019-03-19,1,2019-03,0
1645727.0,2,0.12152683889855365,15,0.9114512917391524,2019-03-20,1,2019-03,0
1645727.0,4,0.2430536777971073,15,0.9114512917391524,2019-03-25,1,2019-03,0
1645727.0,4,0.2430536777971073,15,0.9114512917391524,2019-03-26,1,2019-03,0
1645727.0,4,0.2430536777971073,15,0.9114512917391524,2019-03-28,2,2019-03,0
1645727.0,4,0.2430536777971073,28,1.701375744579751,2019-04-01,1,2019-04,1
1645727.0,4,0.2430536777971073,28,1.701375744579751,2019-04-03,1,2019-04,1
1645727.0,4,0.2430536777971073,28,1.701375744579751,2019-04-05,1,2019-04,1
1645727.0,4,0.2430536777971073,28,1.701375744579751,2019-04-07,1,2019-04,1
1645727.0,12,0.7291610333913219,28,1.701375744579751,2019-04-08,3,2019-04,1
1645727.0,12,0.7291610333913219,28,1.701375744579751,2019-04-09,2,2019-04,1
1645727.0,12,0.7291610333913219,28,1.701375744579751,2019-04-10,2,2019-04,1
1645727.0,12,0.7291610333913219,28,1.701375744579751,2019-04-11,3,2019-04,1
1645727.0,12,0.7291610333913219,28,1.701375744579751,2019-04-12,2,2019-04,1
1645727.0,4,0.2430536777971073,28,1.701375744579751,2019-04-15,1,2019-04,1
1645727.0,4,0.2430536777971073,28,1.701375744579751,2019-04-17,2,2019-04,1
1645727.0,4,0.2430536777971073,28,1.701375744579751,2019-04-20,1,2019-04,1
1645727.0,6,0.36458051669566094,28,1.701375744579751,2019-04-22,1,2019-04,1
1645727.0,6,0.36458051669566094,28,1.701375744579751,2019-04-23,1,2019-04,1
1645727.0,6,0.36458051669566094,28,1.701375744579751,2019-04-25,2,2019-04,1
1645727.0,6,0.36458051669566094,28,1.701375744579751,2019-04-26,2,2019-04,1
1645727.0,5,0.3038170972463841,28,1.701375744579751,2019-04-29,2,2019-04,1
1645727.0,5,0.3038170972463841,24,1.4583220667826438,2019-05-02,3,2019-05,1
1645727.0,7,0.42534393614493776,24,1.4583220667826438,2019-05-06,3,2019-05,1
1645727.0,7,0.42534393614493776,24,1.4583220667826438,2019-05-08,1,2019-05,1
1645727.0,7,0.42534393614493776,24,1.4583220667826438,2019-05-09,2,2019-05,1
1645727.0,7,0.42534393614493776,24,1.4583220667826438,2019-05-10,1,2019-05,1
1645727.0,9,0.5468707750434915,24,1.4583220667826438,2019-05-13,2,2019-05,1
1645727.0,9,0.5468707750434915,24,1.4583220667826438,2019-05-14,2,2019-05,1
1645727.0,9,0.5468707750434915,24,1.4583220667826438,2019-05-15,2,2019-05,1
1645727.0,9,0.5468707750434915,24,1.4583220667826438,2019-05-16,1,2019-05,1
1645727.0,9,0.5468707750434915,24,1.4583220667826438,2019-05-17,2,2019-05,1
1645727.0,3,0.18229025834783047,24,1.4583220667826438,2019-05-20,1,2019-05,1
1645727.0,3,0.18229025834783047,24,1.4583220667826438,2019-05-21,1,2019-05,1
1645727.0,3,0.18229025834783047,24,1.4583220667826438,2019-05-25,1,2019-05,1
1645727.0,3,0.18229025834783047,24,1.4583220667826438,2019-05-27,1,2019-05,1
1645727.0,3,0.18229025834783047,24,1.4583220667826438,2019-05-30,1,2019-05,1
1645727.0,3,0.18229025834783047,20,1.2152683889855365,2019-06-02,1,2019-06,0
1645727.0,4,0.2430536777971073,20,1.2152683889855365,2019-06-03,2,2019-06,0
1645727.0,4,0.2430536777971073,20,1.2152683889855365,2019-06-06,1,2019-06,0
1645727.0,4,0.2430536777971073,20,1.2152683889855365,2019-06-07,1,2019-06,0
1645727.0,4,0.2430536777971073,20,1.2152683889855365,2019-06-10,2,2019-06,0
1645727.0,4,0.2430536777971073,20,1.2152683889855365,2019-06-12,2,2019-06,0
1645727.0,3,0.18229025834783047,20,1.2152683889855365,2019-06-18,1,2019-06,0
1645727.0,3,0.18229025834783047,20,1.2152683889855365,2019-06-19,1,2019-06,0
1645727.0,3,0.18229025834783047,20,1.2152683889855365,2019-06-20,1,2019-06,0
1645727.0,8,0.4861073555942146,20,1.2152683889855365,2019-06-24,1,2019-06,0
1645727.0,8,0.4861073555942146,20,1.2152683889855365,2019-06-26,1,2019-06,0
1645727.0,8,0.4861073555942146,20,1.2152683889855365,2019-06-27,1,2019-06,0
1645727.0,8,0.4861073555942146,20,1.2152683889855365,2019-06-28,4,2019-06,0
1645727.0,8,0.4861073555942146,20,1.2152683889855365,2019-06-30,1,2019-06,0
1645727.0,2,0.12152683889855365,20,1.2152683889855365,2019-07-01,1,2019-07,0
1645727.0,2,0.12152683889855365,20,1.2152683889855365,2019-07-05,1,2019-07,0
1645727.0,1,0.06076341944927682,20,1.2152683889855365,2019-07-08,1,2019-07,0
1645727.0,7,0.42534393614493776,20,1.2152683889855365,2019-07-15,3,2019-07,0
1645727.0,7,0.42534393614493776,20,1.2152683889855365,2019-07-18,2,2019-07,0
1645727.0,7,0.42534393614493776,20,1.2152683889855365,2019-07-19,1,2019-07,0
1645727.0,7,0.42534393614493776,20,1.2152683889855365,2019-07-21,1,2019-07,0
1645727.0,5,0.3038170972463841,20,1.2152683889855365,2019-07-22,3,2019-07,0
1645727.0,5,0.3038170972463841,20,1.2152683889855365,2019-07-26,2,2019-07,0
1645727.0,10,0.6076341944927682,20,1.2152683889855365,2019-07-29,2,2019-07,0
1645727.0,10,0.6076341944927682,20,1.2152683889855365,2019-07-30,1,2019-07,0
1645727.0,10,0.6076341944927682,20,1.2152683889855365,2019-07-31,2,2019-07,0
1645727.0,10,0.6076341944927682,34,2.065956261275412,2019-08-01,3,2019-08,1
1645727.0,10,0.6076341944927682,34,2.065956261275412,2019-08-02,2,2019-08,1
1645727.0,3,0.18229025834783047,34,2.065956261275412,2019-08-05,2,2019-08,1
1645727.0,3,0.18229025834783047,34,2.065956261275412,2019-08-09,1,2019-08,1
1645727.0,4,0.2430536777971073,34,2.065956261275412,2019-08-12,2,2019-08,1
1645727.0,4,0.2430536777971073,34,2.065956261275412,2019-08-14,1,2019-08,1
1645727.0,4,0.2430536777971073,34,2.065956261275412,2019-08-15,1,2019-08,1
1645727.0,9,0.5468707750434915,34,2.065956261275412,2019-08-19,2,2019-08,1
1645727.0,9,0.5468707750434915,34,2.065956261275412,2019-08-20,1,2019-08,1
1645727.0,9,0.5468707750434915,34,2.065956261275412,2019-08-21,4,2019-08,1
1645727.0,9,0.5468707750434915,34,2.065956261275412,2019-08-22,1,2019-08,1
1645727.0,9,0.5468707750434915,34,2.065956261275412,2019-08-23,1,2019-08,1
1645727.0,13,0.7899244528405988,34,2.065956261275412,2019-08-26,5,2019-08,1
1645727.0,13,0.7899244528405988,34,2.065956261275412,2019-08-28,2,2019-08,1
1645727.0,13,0.7899244528405988,34,2.065956261275412,2019-08-29,2,2019-08,1
1645727.0,13,0.7899244528405988,34,2.065956261275412,2019-08-30,3,2019-08,1
1645727.0,13,0.7899244528405988,34,2.065956261275412,2019-08-31,1,2019-08,1
1645727.0,2,0.12152683889855365,19,1.1545049695362597,2019-09-05,1,2019-09,0
1645727.0,2,0.12152683889855365,19,1.1545049695362597,2019-09-06,1,2019-09,0
1645727.0,5,0.3038170972463841,19,1.1545049695362597,2019-09-09,2,2019-09,0
1645727.0,5,0.3038170972463841,19,1.1545049695362597,2019-09-10,1,2019-09,0
1645727.0,5,0.3038170972463841,19,1.1545049695362597,2019-09-12,1,2019-09,0
1645727.0,5,0.3038170972463841,19,1.1545049695362597,2019-09-15,1,2019-09,0
1645727.0,2,0.12152683889855365,19,1.1545049695362597,2019-09-16,1,2019-09,0
1645727.0,2,0.12152683889855365,19,1.1545049695362597,2019-09-19,1,2019-09,0
1645727.0,9,0.5468707750434915,19,1.1545049695362597,2019-09-23,2,2019-09,0
1645727.0,9,0.5468707750434915,19,1.1545049695362597,2019-09-24,3,2019-09,0
1645727.0,9,0.5468707750434915,19,1.1545049695362597,2019-09-25,1,2019-09,0
1645727.0,9,0.5468707750434915,19,1.1545049695362597,2019-09-28,1,2019-09,0
1645727.0,9,0.5468707750434915,19,1.1545049695362597,2019-09-29,2,2019-09,0
1645727.0,8,0.4861073555942146,19,1.1545049695362597,2019-09-30,1,2019-09,0
1645727.0,8,0.4861073555942146,33,2.005192841826135,2019-10-02,2,2019-10,1
1645727.0,8,0.4861073555942146,33,2.005192841826135,2019-10-03,2,2019-10,1
1645727.0,8,0.4861073555942146,33,2.005192841826135,2019-10-04,2,2019-10,1
1645727.0,8,0.4861073555942146,33,2.005192841826135,2019-10-05,1,2019-10,1
1645727.0,11,0.6683976139420451,33,2.005192841826135,2019-10-07,1,2019-10,1
1645727.0,11,0.6683976139420451,33,2.005192841826135,2019-10-08,2,2019-10,1
1645727.0,11,0.6683976139420451,33,2.005192841826135,2019-10-09,7,2019-10,1
1645727.0,11,0.6683976139420451,33,2.005192841826135,2019-10-11,1,2019-10,1
1645727.0,1,0.06076341944927682,33,2.005192841826135,2019-10-18,1,2019-10,1
1645727.0,11,0.6683976139420451,33,2.005192841826135,2019-10-21,1,2019-10,1
1645727.0,11,0.6683976139420451,33,2.005192841826135,2019-10-22,7,2019-10,1
1645727.0,11,0.6683976139420451,33,2.005192841826135,2019-10-23,1,2019-10,1
1645727.0,11,0.6683976139420451,33,2.005192841826135,2019-10-25,2,2019-10,1
1645727.0,5,0.3038170972463841,33,2.005192841826135,2019-10-29,1,2019-10,1
1645727.0,5,0.3038170972463841,33,2.005192841826135,2019-10-30,1,2019-10,1
1645727.0,5,0.3038170972463841,33,2.005192841826135,2019-10-31,1,2019-10,1
1645727.0,5,0.3038170972463841,13,0.7899244528405988,2019-11-01,2,2019-11,0
1645727.0,7,0.42534393614493776,13,0.7899244528405988,2019-11-04,6,2019-11,0
1645727.0,7,0.42534393614493776,13,0.7899244528405988,2019-11-09,1,2019-11,0
1645727.0,4,0.2430536777971073,13,0.7899244528405988,2019-11-11,1,2019-11,0
1645727.0,4,0.2430536777971073,13,0.7899244528405988,2019-11-12,1,2019-11,0
1645727.0,4,0.2430536777971073,13,0.7899244528405988,2019-11-13,1,2019-11,0
1645727.0,4,0.2430536777971073,13,0.7899244528405988,2019-11-17,1,2019-11,0
1645727.0,1,0.06076341944927682,15,0.9114512917391524,2019-12-06,1,2019-12,0
1645727.0,7,0.42534393614493776,15,0.9114512917391524,2019-12-09,2,2019-12,0
1645727.0,7,0.42534393614493776,15,0.9114512917391524,2019-12-11,1,2019-12,0
1645727.0,7,0.42534393614493776,15,0.9114512917391524,2019-12-12,4,2019-12,0
1645727.0,4,0.2430536777971073,15,0.9114512917391524,2019-12-18,2,2019-12,0
1645727.0,4,0.2430536777971073,15,0.9114512917391524,2019-12-20,1,2019-12,0
1645727.0,4,0.2430536777971073,15,0.9114512917391524,2019-12-22,1,2019-12,0
1645727.0,2,0.12152683889855365,15,0.9114512917391524,2019-12-26,2,2019-12,0
1645727.0,2,0.12152683889855365,15,0.9114512917391524,2019-12-30,1,2019-12,0
1653461.0,1,0.060479200900414344,16,0.9676672144066295,2020-01-03,1,2020-01,0
1653461.0,2,0.12095840180082869,16,0.9676672144066295,2020-01-06,1,2020-01,0
1653461.0,2,0.12095840180082869,16,0.9676672144066295,2020-01-08,1,2020-01,0
1653461.0,8,0.48383360720331475,16,0.9676672144066295,2020-01-13,1,2020-01,0
1653461.0,8,0.48383360720331475,16,0.9676672144066295,2020-01-14,3,2020-01,0
1653461.0,8,0.48383360720331475,16,0.9676672144066295,2020-01-15,3,2020-01,0
1653461.0,8,0.48383360720331475,16,0.9676672144066295,2020-01-17,1,2020-01,0
1653461.0,3,0.18143760270124304,16,0.9676672144066295,2020-01-20,2,2020-01,0
1653461.0,3,0.18143760270124304,16,0.9676672144066295,2020-01-21,1,2020-01,0
1653461.0,2,0.12095840180082869,16,0.9676672144066295,2020-01-27,1,2020-01,0
1653461.0,2,0.12095840180082869,16,0.9676672144066295,2020-01-30,1,2020-01,0
1653461.0,4,0.24191680360165738,10,0.6047920090041434,2020-02-03,2,2020-02,0
1653461.0,4,0.24191680360165738,10,0.6047920090041434,2020-02-05,1,2020-02,0
1653461.0,4,0.24191680360165738,10,0.6047920090041434,2020-02-07,1,2020-02,0
1653461.0,1,0.060479200900414344,10,0.6047920090041434,2020-02-14,1,2020-02,0
1653461.0,3,0.18143760270124304,10,0.6047920090041434,2020-02-17,2,2020-02,0
1653461.0,3,0.18143760270124304,10,0.6047920090041434,2020-02-20,1,2020-02,0
1653461.0,2,0.12095840180082869,10,0.6047920090041434,2020-02-29,2,2020-02,0
1653461.0,1,0.060479200900414344,7,0.4233544063029004,2020-03-04,1,2020-03,0
1653461.0,2,0.12095840180082869,7,0.4233544063029004,2020-03-10,1,2020-03,0
1653461.0,2,0.12095840180082869,7,0.4233544063029004,2020-03-11,1,2020-03,0
1653461.0,1,0.060479200900414344,7,0.4233544063029004,2020-03-18,1,2020-03,0
1653461.0,2,0.12095840180082869,7,0.4233544063029004,2020-03-25,1,2020-03,0
1653461.0,2,0.12095840180082869,7,0.4233544063029004,2020-03-27,1,2020-03,0
1653461.0,1,0.060479200900414344,7,0.4233544063029004,2020-03-31,1,2020-03,0
1653461.0,2,0.12095840180082869,2,0.12095840180082869,2020-05-14,1,2020-05,0
1653461.0,2,0.12095840180082869,2,0.12095840180082869,2020-05-16,1,2020-05,0
1653461.0,5,0.3023960045020717,25,1.5119800225103586,2020-06-09,1,2020-06,0
1653461.0,5,0.3023960045020717,25,1.5119800225103586,2020-06-10,1,2020-06,0
1653461.0,5,0.3023960045020717,25,1.5119800225103586,2020-06-11,2,2020-06,0
1653461.0,5,0.3023960045020717,25,1.5119800225103586,2020-06-12,1,2020-06,0
1653461.0,4,0.24191680360165738,25,1.5119800225103586,2020-06-19,4,2020-06,0
1653461.0,7,0.4233544063029004,25,1.5119800225103586,2020-06-22,2,2020-06,0
1653461.0,7,0.4233544063029004,25,1.5119800225103586,2020-06-25,1,2020-06,0
1653461.0,7,0.4233544063029004,25,1.5119800225103586,2020-06-26,1,2020-06,0
1653461.0,7,0.4233544063029004,25,1.5119800225103586,2020-06-27,1,2020-06,0
1653461.0,7,0.4233544063029004,25,1.5119800225103586,2020-06-28,2,2020-06,0
1653461.0,24,1.4515008216099443,25,1.5119800225103586,2020-06-29,5,2020-06,0
1653461.0,24,1.4515008216099443,25,1.5119800225103586,2020-06-30,4,2020-06,0
1653461.0,24,1.4515008216099443,154,9.313796938663808,2020-07-01,2,2020-07,1
1653461.0,24,1.4515008216099443,154,9.313796938663808,2020-07-02,4,2020-07,1
1653461.0,24,1.4515008216099443,154,9.313796938663808,2020-07-03,8,2020-07,1
1653461.0,24,1.4515008216099443,154,9.313796938663808,2020-07-04,1,2020-07,1
1653461.0,25,1.5119800225103586,154,9.313796938663808,2020-07-06,2,2020-07,1
1653461.0,25,1.5119800225103586,154,9.313796938663808,2020-07-07,3,2020-07,1
1653461.0,25,1.5119800225103586,154,9.313796938663808,2020-07-08,12,2020-07,1
1653461.0,25,1.5119800225103586,154,9.313796938663808,2020-07-09,5,2020-07,1
1653461.0,25,1.5119800225103586,154,9.313796938663808,2020-07-10,3,2020-07,1
1653461.0,24,1.4515008216099443,154,9.313796938663808,2020-07-13,12,2020-07,1
1653461.0,24,1.4515008216099443,154,9.313796938663808,2020-07-14,2,2020-07,1
1653461.0,24,1.4515008216099443,154,9.313796938663808,2020-07-15,8,2020-07,1
1653461.0,24,1.4515008216099443,154,9.313796938663808,2020-07-17,2,2020-07,1
1653461.0,36,2.1772512324149162,154,9.313796938663808,2020-07-20,9,2020-07,1
1653461.0,36,2.1772512324149162,154,9.313796938663808,2020-07-21,11,2020-07,1
1653461.0,36,2.1772512324149162,154,9.313796938663808,2020-07-22,5,2020-07,1
1653461.0,36,2.1772512324149162,154,9.313796938663808,2020-07-23,7,2020-07,1
1653461.0,36,2.1772512324149162,154,9.313796938663808,2020-07-24,4,2020-07,1
1653461.0,54,3.2658768486223746,154,9.313796938663808,2020-07-27,16,2020-07,1
1653461.0,54,3.2658768486223746,154,9.313796938663808,2020-07-28,9,2020-07,1
1653461.0,54,3.2658768486223746,154,9.313796938663808,2020-07-29,16,2020-07,1
1653461.0,54,3.2658768486223746,154,9.313796938663808,2020-07-30,6,2020-07,1
1653461.0,54,3.2658768486223746,154,9.313796938663808,2020-07-31,7,2020-07,1
1653461.0,8,0.48383360720331475,30,1.8143760270124303,2020-08-03,5,2020-08,1
1653461.0,8,0.48383360720331475,30,1.8143760270124303,2020-08-06,1,2020-08,1
1653461.0,8,0.48383360720331475,30,1.8143760270124303,2020-08-07,1,2020-08,1
1653461.0,8,0.48383360720331475,30,1.8143760270124303,2020-08-08,1,2020-08,1
1653461.0,12,0.7257504108049722,30,1.8143760270124303,2020-08-10,2,2020-08,1
1653461.0,12,0.7257504108049722,30,1.8143760270124303,2020-08-11,1,2020-08,1
1653461.0,12,0.7257504108049722,30,1.8143760270124303,2020-08-12,6,2020-08,1
1653461.0,12,0.7257504108049722,30,1.8143760270124303,2020-08-14,2,2020-08,1
1653461.0,12,0.7257504108049722,30,1.8143760270124303,2020-08-15,1,2020-08,1
1653461.0,5,0.3023960045020717,30,1.8143760270124303,2020-08-17,2,2020-08,1
1653461.0,5,0.3023960045020717,30,1.8143760270124303,2020-08-19,2,2020-08,1
1653461.0,5,0.3023960045020717,30,1.8143760270124303,2020-08-20,1,2020-08,1
1653461.0,2,0.12095840180082869,30,1.8143760270124303,2020-08-26,1,2020-08,1
1653461.0,2,0.12095840180082869,30,1.8143760270124303,2020-08-28,1,2020-08,1
1653461.0,6,0.3628752054024861,30,1.8143760270124303,2020-08-31,3,2020-08,1
1653461.0,6,0.3628752054024861,10,0.6047920090041434,2020-09-02,1,2020-09,0
1653461.0,6,0.3628752054024861,10,0.6047920090041434,2020-09-04,2,2020-09,0
1653461.0,1,0.060479200900414344,10,0.6047920090041434,2020-09-11,1,2020-09,0
1653461.0,5,0.3023960045020717,10,0.6047920090041434,2020-09-16,4,2020-09,0
1653461.0,5,0.3023960045020717,10,0.6047920090041434,2020-09-18,1,2020-09,0
1653461.0,1,0.060479200900414344,10,0.6047920090041434,2020-09-21,1,2020-09,0
1653461.0,7,0.4233544063029004,9,0.5443128081037291,2020-10-05,2,2020-10,0
1653461.0,7,0.4233544063029004,9,0.5443128081037291,2020-10-06,2,2020-10,0
1653461.0,7,0.4233544063029004,9,0.5443128081037291,2020-10-07,2,2020-10,0
1653461.0,7,0.4233544063029004,9,0.5443128081037291,2020-10-09,1,2020-10,0
1653461.0,2,0.12095840180082869,9,0.5443128081037291,2020-10-13,1,2020-10,0
1653461.0,2,0.12095840180082869,9,0.5443128081037291,2020-10-15,1,2020-10,0
1653461.0,5,0.3023960045020717,5,0.3023960045020717,2020-11-03,2,2020-11,0
1653461.0,5,0.3023960045020717,5,0.3023960045020717,2020-11-04,1,2020-11,0
1653461.0,5,0.3023960045020717,5,0.3023960045020717,2020-11-05,2,2020-11,0
1550000.0,1,0.06451612903225806,2,0.12903225806451613,2021-01-11,1,2021-01,0
1550000.0,1,0.06451612903225806,2,0.12903225806451613,2021-01-27,1,2021-01,0
1550000.0,1,0.06451612903225806,2,0.12903225806451613,2021-02-04,1,2021-02,0
1550000.0,1,0.06451612903225806,2,0.12903225806451613,2021-02-12,1,2021-02,0
1550000.0,1,0.06451612903225806,11,0.7096774193548387,2021-03-11,1,2021-03,0
1550000.0,3,0.1935483870967742,11,0.7096774193548387,2021-03-15,3,2021-03,0
1550000.0,5,0.3225806451612903,11,0.7096774193548387,2021-03-22,1,2021-03,0
1550000.0,5,0.3225806451612903,11,0.7096774193548387,2021-03-25,4,2021-03,0
1550000.0,2,0.12903225806451613,11,0.7096774193548387,2021-03-29,2,2021-03,0
1550000.0,19,1.2258064516129032,40,2.5806451612903225,2021-04-05,4,2021-04,1
1550000.0,19,1.2258064516129032,40,2.5806451612903225,2021-04-06,4,2021-04,1
1550000.0,19,1.2258064516129032,40,2.5806451612903225,2021-04-07,9,2021-04,1
1550000.0,19,1.2258064516129032,40,2.5806451612903225,2021-04-08,2,2021-04,1
1550000.0,8,0.5161290322580645,40,2.5806451612903225,2021-04-12,2,2021-04,1
1550000.0,8,0.5161290322580645,40,2.5806451612903225,2021-04-13,2,2021-04,1
1550000.0,8,0.5161290322580645,40,2.5806451612903225,2021-04-14,3,2021-04,1
1550000.0,8,0.5161290322580645,40,2.5806451612903225,2021-04-15,1,2021-04,1
1550000.0,7,0.4516129032258065,40,2.5806451612903225,2021-04-19,1,2021-04,1
1550000.0,7,0.4516129032258065,40,2.5806451612903225,2021-04-22,1,2021-04,1
1550000.0,7,0.4516129032258065,40,2.5806451612903225,2021-04-23,4,2021-04,1
1550000.0,7,0.4516129032258065,40,2.5806451612903225,2021-04-25,1,2021-04,1
1550000.0,7,0.4516129032258065,40,2.5806451612903225,2021-04-26,2,2021-04,1
1550000.0,7,0.4516129032258065,40,2.5806451612903225,2021-04-27,1,2021-04,1
1550000.0,7,0.4516129032258065,40,2.5806451612903225,2021-04-28,2,2021-04,1
1550000.0,7,0.4516129032258065,40,2.5806451612903225,2021-04-30,1,2021-04,1
1550000.0,7,0.4516129032258065,108,6.967741935483871,2021-05-02,1,2021-05,1
1550000.0,16,1.032258064516129,108,6.967741935483871,2021-05-03,1,2021-05,1
1550000.0,16,1.032258064516129,108,6.967741935483871,2021-05-04,4,2021-05,1
1550000.0,16,1.032258064516129,108,6.967741935483871,2021-05-05,4,2021-05,1
1550000.0,16,1.032258064516129,108,6.967741935483871,2021-05-06,5,2021-05,1
1550000.0,16,1.032258064516129,108,6.967741935483871,2021-05-07,1,2021-05,1
1550000.0,16,1.032258064516129,108,6.967741935483871,2021-05-08,1,2021-05,1
1550000.0,16,1.032258064516129,108,6.967741935483871,2021-05-10,4,2021-05,1
1550000.0,16,1.032258064516129,108,6.967741935483871,2021-05-11,3,2021-05,1
1550000.0,16,1.032258064516129,108,6.967741935483871,2021-05-12,4,2021-05,1
1550000.0,16,1.032258064516129,108,6.967741935483871,2021-05-13,2,2021-05,1
1550000.0,16,1.032258064516129,108,6.967741935483871,2021-05-14,3,2021-05,1
1550000.0,26,1.6774193548387097,108,6.967741935483871,2021-05-17,4,2021-05,1
1550000.0,26,1.6774193548387097,108,6.967741935483871,2021-05-18,8,2021-05,1
1550000.0,26,1.6774193548387097,108,6.967741935483871,2021-05-19,6,2021-05,1
1550000.0,26,1.6774193548387097,108,6.967741935483871,2021-05-20,4,2021-05,1
1550000.0,26,1.6774193548387097,108,6.967741935483871,2021-05-21,4,2021-05,1
1550000.0,42,2.7096774193548385,108,6.967741935483871,2021-05-24,6,2021-05,1
1550000.0,42,2.7096774193548385,108,6.967741935483871,2021-05-25,9,2021-05,1
1550000.0,42,2.7096774193548385,108,6.967741935483871,2021-05-26,9,2021-05,1
1550000.0,42,2.7096774193548385,108,6.967741935483871,2021-05-27,13,2021-05,1
1550000.0,42,2.7096774193548385,108,6.967741935483871,2021-05-28,3,2021-05,1
1550000.0,42,2.7096774193548385,108,6.967741935483871,2021-05-29,1,2021-05,1
1550000.0,42,2.7096774193548385,108,6.967741935483871,2021-05-30,1,2021-05,1
1550000.0,29,1.870967741935484,108,6.967741935483871,2021-05-31,7,2021-05,1
1550000.0,29,1.870967741935484,174,11.225806451612904,2021-06-01,4,2021-06,1
1550000.0,29,1.870967741935484,174,11.225806451612904,2021-06-02,7,2021-06,1
1550000.0,29,1.870967741935484,174,11.225806451612904,2021-06-03,4,2021-06,1
1550000.0,29,1.870967741935484,174,11.225806451612904,2021-06-04,5,2021-06,1
1550000.0,29,1.870967741935484,174,11.225806451612904,2021-06-05,2,2021-06,1
1550000.0,47,3.032258064516129,174,11.225806451612904,2021-06-07,11,2021-06,1
1550000.0,47,3.032258064516129,174,11.225806451612904,2021-06-08,10,2021-06,1
1550000.0,47,3.032258064516129,174,11.225806451612904,2021-06-09,7,2021-06,1
1550000.0,47,3.032258064516129,174,11.225806451612904,2021-06-10,6,2021-06,1
1550000.0,47,3.032258064516129,174,11.225806451612904,2021-06-11,8,2021-06,1
1550000.0,47,3.032258064516129,174,11.225806451612904,2021-06-12,2,2021-06,1
1550000.0,47,3.032258064516129,174,11.225806451612904,2021-06-13,3,2021-06,1
1550000.0,38,2.4516129032258065,174,11.225806451612904,2021-06-14,11,2021-06,1
1550000.0,38,2.4516129032258065,174,11.225806451612904,2021-06-15,6,2021-06,1
1550000.0,38,2.4516129032258065,174,11.225806451612904,2021-06-16,9,2021-06,1
1550000.0,38,2.4516129032258065,174,11.225806451612904,2021-06-17,7,2021-06,1
1550000.0,38,2.4516129032258065,174,11.225806451612904,2021-06-18,3,2021-06,1
1550000.0,38,2.4516129032258065,174,11.225806451612904,2021-06-19,1,2021-06,1
1550000.0,38,2.4516129032258065,174,11.225806451612904,2021-06-20,1,2021-06,1
1550000.0,45,2.903225806451613,174,11.225806451612904,2021-06-21,21,2021-06,1
1550000.0,45,2.903225806451613,174,11.225806451612904,2021-06-22,8,2021-06,1
1550000.0,45,2.903225806451613,174,11.225806451612904,2021-06-23,8,2021-06,1
1550000.0,45,2.903225806451613,174,11.225806451612904,2021-06-25,7,2021-06,1
1550000.0,45,2.903225806451613,174,11.225806451612904,2021-06-26,1,2021-06,1
1550000.0,38,2.4516129032258065,174,11.225806451612904,2021-06-28,7,2021-06,1
1550000.0,38,2.4516129032258065,174,11.225806451612904,2021-06-29,9,2021-06,1
1550000.0,38,2.4516129032258065,174,11.225806451612904,2021-06-30,6,2021-06,1
1550000.0,38,2.4516129032258065,163,10.516129032258066,2021-07-01,8,2021-07,1
1550000.0,38,2.4516129032258065,163,10.516129032258066,2021-07-02,8,2021-07,1
1550000.0,50,3.2258064516129035,163,10.516129032258066,2021-07-05,10,2021-07,1
1550000.0,50,3.2258064516129035,163,10.516129032258066,2021-07-06,15,2021-07,1
1550000.0,50,3.2258064516129035,163,10.516129032258066,2021-07-07,13,2021-07,1
1550000.0,50,3.2258064516129035,163,10.516129032258066,2021-07-08,6,2021-07,1
1550000.0,50,3.2258064516129035,163,10.516129032258066,2021-07-09,5,2021-07,1
1550000.0,50,3.2258064516129035,163,10.516129032258066,2021-07-11,1,2021-07,1
1550000.0,36,2.32258064516129,163,10.516129032258066,2021-07-12,13,2021-07,1
1550000.0,36,2.32258064516129,163,10.516129032258066,2021-07-13,12,2021-07,1
1550000.0,36,2.32258064516129,163,10.516129032258066,2021-07-14,3,2021-07,1
1550000.0,36,2.32258064516129,163,10.516129032258066,2021-07-15,6,2021-07,1
1550000.0,36,2.32258064516129,163,10.516129032258066,2021-07-16,1,2021-07,1
1550000.0,36,2.32258064516129,163,10.516129032258066,2021-07-17,1,2021-07,1
1550000.0,35,2.258064516129032,163,10.516129032258066,2021-07-19,5,2021-07,1
1550000.0,35,2.258064516129032,163,10.516129032258066,2021-07-20,16,2021-07,1
1550000.0,35,2.258064516129032,163,10.516129032258066,2021-07-21,5,2021-07,1
1550000.0,35,2.258064516129032,163,10.516129032258066,2021-07-22,5,2021-07,1
1550000.0,35,2.258064516129032,163,10.516129032258066,2021-07-23,3,2021-07,1
1550000.0,35,2.258064516129032,163,10.516129032258066,2021-07-25,1,2021-07,1
1550000.0,26,1.6774193548387097,163,10.516129032258066,2021-07-26,7,2021-07,1
1550000.0,26,1.6774193548387097,163,10.516129032258066,2021-07-27,6,2021-07,1
1550000.0,26,1.6774193548387097,163,10.516129032258066,2021-07-28,2,2021-07,1
1550000.0,26,1.6774193548387097,163,10.516129032258066,2021-07-29,6,2021-07,1
1550000.0,26,1.6774193548387097,163,10.516129032258066,2021-07-30,4,2021-07,1
1550000.0,26,1.6774193548387097,163,10.516129032258066,2021-07-31,1,2021-07,1
1550000.0,30,1.935483870967742,114,7.35483870967742,2021-08-02,7,2021-08,1
1550000.0,30,1.935483870967742,114,7.35483870967742,2021-08-03,6,2021-08,1
1550000.0,30,1.935483870967742,114,7.35483870967742,2021-08-04,7,2021-08,1
1550000.0,30,1.935483870967742,114,7.35483870967742,2021-08-05,6,2021-08,1
1550000.0,30,1.935483870967742,114,7.35483870967742,2021-08-06,4,2021-08,1
1550000.0,17,1.096774193548387,114,7.35483870967742,2021-08-09,5,2021-08,1
1550000.0,17,1.096774193548387,114,7.35483870967742,2021-08-10,4,2021-08,1
1550000.0,17,1.096774193548387,114,7.35483870967742,2021-08-12,4,2021-08,1
1550000.0,17,1.096774193548387,114,7.35483870967742,2021-08-13,3,2021-08,1
1550000.0,17,1.096774193548387,114,7.35483870967742,2021-08-15,1,2021-08,1
1550000.0,37,2.3870967741935485,114,7.35483870967742,2021-08-16,5,2021-08,1
1550000.0,37,2.3870967741935485,114,7.35483870967742,2021-08-17,4,2021-08,1
1550000.0,37,2.3870967741935485,114,7.35483870967742,2021-08-18,20,2021-08,1
1550000.0,37,2.3870967741935485,114,7.35483870967742,2021-08-19,3,2021-08,1
1550000.0,37,2.3870967741935485,114,7.35483870967742,2021-08-20,5,2021-08,1
1550000.0,24,1.5483870967741935,114,7.35483870967742,2021-08-23,7,2021-08,1
1550000.0,24,1.5483870967741935,114,7.35483870967742,2021-08-24,3,2021-08,1
1550000.0,24,1.5483870967741935,114,7.35483870967742,2021-08-25,3,2021-08,1
1550000.0,24,1.5483870967741935,114,7.35483870967742,2021-08-26,8,2021-08,1
1550000.0,24,1.5483870967741935,114,7.35483870967742,2021-08-28,3,2021-08,1
1550000.0,11,0.7096774193548387,114,7.35483870967742,2021-08-30,2,2021-08,1
1550000.0,11,0.7096774193548387,114,7.35483870967742,2021-08-31,4,2021-08,1
1550000.0,11,0.7096774193548387,47,3.032258064516129,2021-09-01,1,2021-09,1
1550000.0,11,0.7096774193548387,47,3.032258064516129,2021-09-02,1,2021-09,1
1550000.0,11,0.7096774193548387,47,3.032258064516129,2021-09-03,3,2021-09,1
1550000.0,11,0.7096774193548387,47,3.032258064516129,2021-09-06,1,2021-09,1
1550000.0,11,0.7096774193548387,47,3.032258064516129,2021-09-08,3,2021-09,1
1550000.0,11,0.7096774193548387,47,3.032258064516129,2021-09-09,5,2021-09,1
1550000.0,11,0.7096774193548387,47,3.032258064516129,2021-09-10,2,2021-09,1
1550000.0,17,1.096774193548387,47,3.032258064516129,2021-09-13,8,2021-09,1
1550000.0,17,1.096774193548387,47,3.032258064516129,2021-09-14,1,2021-09,1
1550000.0,17,1.096774193548387,47,3.032258064516129,2021-09-15,6,2021-09,1
1550000.0,17,1.096774193548387,47,3.032258064516129,2021-09-16,2,2021-09,1
1550000.0,10,0.6451612903225806,47,3.032258064516129,2021-09-20,4,2021-09,1
1550000.0,10,0.6451612903225806,47,3.032258064516129,2021-09-22,5,2021-09,1
1550000.0,10,0.6451612903225806,47,3.032258064516129,2021-09-24,1,2021-09,1
1550000.0,5,0.3225806451612903,47,3.032258064516129,2021-09-27,1,2021-09,1
1550000.0,5,0.3225806451612903,47,3.032258064516129,2021-09-28,1,2021-09,1
1550000.0,5,0.3225806451612903,47,3.032258064516129,2021-09-29,1,2021-09,1
1550000.0,5,0.3225806451612903,47,3.032258064516129,2021-09-30,1,2021-09,1
1550000.0,5,0.3225806451612903,24,1.5483870967741935,2021-10-01,1,2021-10,0
1550000.0,7,0.4516129032258065,24,1.5483870967741935,2021-10-04,2,2021-10,0
1550000.0,7,0.4516129032258065,24,1.5483870967741935,2021-10-05,1,2021-10,0
1550000.0,7,0.4516129032258065,24,1.5483870967741935,2021-10-07,3,2021-10,0
1550000.0,7,0.4516129032258065,24,1.5483870967741935,2021-10-08,1,2021-10,0
1550000.0,5,0.3225806451612903,24,1.5483870967741935,2021-10-13,3,2021-10,0
1550000.0,5,0.3225806451612903,24,1.5483870967741935,2021-10-14,1,2021-10,0
1550000.0,5,0.3225806451612903,24,1.5483870967741935,2021-10-15,1,2021-10,0
1550000.0,3,0.1935483870967742,24,1.5483870967741935,2021-10-19,1,2021-10,0
1550000.0,3,0.1935483870967742,24,1.5483870967741935,2021-10-22,2,2021-10,0
1550000.0,8,0.5161290322580645,24,1.5483870967741935,2021-10-25,1,2021-10,0
1550000.0,8,0.5161290322580645,24,1.5483870967741935,2021-10-26,3,2021-10,0
1550000.0,8,0.5161290322580645,24,1.5483870967741935,2021-10-27,2,2021-10,0
1550000.0,8,0.5161290322580645,24,1.5483870967741935,2021-10-28,2,2021-10,0
1550000.0,4,0.25806451612903225,16,1.032258064516129,2021-11-03,2,2021-11,0
1550000.0,4,0.25806451612903225,16,1.032258064516129,2021-11-04,2,2021-11,0
1550000.0,5,0.3225806451612903,16,1.032258064516129,2021-11-08,4,2021-11,0
1550000.0,5,0.3225806451612903,16,1.032258064516129,2021-11-09,1,2021-11,0
1550000.0,3,0.1935483870967742,16,1.032258064516129,2021-11-16,2,2021-11,0
1550000.0,3,0.1935483870967742,16,1.032258064516129,2021-11-18,1,2021-11,0
1550000.0,4,0.25806451612903225,16,1.032258064516129,2021-11-23,1,2021-11,0
1550000.0,4,0.25806451612903225,16,1.032258064516129,2021-11-24,1,2021-11,0
1550000.0,4,0.25806451612903225,16,1.032258064516129,2021-11-27,1,2021-11,0
1550000.0,4,0.25806451612903225,16,1.032258064516129,2021-11-28,1,2021-11,0
1550000.0,3,0.1935483870967742,15,0.967741935483871,2021-12-01,1,2021-12,0
1550000.0,3,0.1935483870967742,15,0.967741935483871,2021-12-03,2,2021-12,0
1550000.0,9,0.5806451612903225,15,0.967741935483871,2021-12-06,9,2021-12,0
1550000.0,1,0.06451612903225806,15,0.967741935483871,2021-12-17,1,2021-12,0
1550000.0,2,0.12903225806451613,15,0.967741935483871,2021-12-21,2,2021-12,0
1488920.0,1,0.06716277570319426,5,0.33581387851597133,2022-01-06,1,2022-01,0
1488920.0,4,0.26865110281277704,5,0.33581387851597133,2022-01-18,1,2022-01,0
1488920.0,4,0.26865110281277704,5,0.33581387851597133,2022-01-19,1,2022-01,0
1488920.0,4,0.26865110281277704,5,0.33581387851597133,2022-01-21,2,2022-01,0
1488920.0,2,0.13432555140638852,5,0.33581387851597133,2022-02-17,2,2022-02,0
1488920.0,3,0.20148832710958278,5,0.33581387851597133,2022-02-21,1,2022-02,0
1488920.0,3,0.20148832710958278,5,0.33581387851597133,2022-02-22,2,2022-02,0
1488920.0,2,0.13432555140638852,23,1.544743841173468,2022-03-02,1,2022-03,0
1488920.0,2,0.13432555140638852,23,1.544743841173468,2022-03-03,1,2022-03,0
1488920.0,3,0.20148832710958278,23,1.544743841173468,2022-03-07,1,2022-03,0
1488920.0,3,0.20148832710958278,23,1.544743841173468,2022-03-09,2,2022-03,0
1488920.0,6,0.40297665421916556,23,1.544743841173468,2022-03-17,2,2022-03,0
1488920.0,6,0.40297665421916556,23,1.544743841173468,2022-03-18,4,2022-03,0
1488920.0,9,0.6044649813287484,23,1.544743841173468,2022-03-21,6,2022-03,0
1488920.0,9,0.6044649813287484,23,1.544743841173468,2022-03-23,2,2022-03,0
1488920.0,9,0.6044649813287484,23,1.544743841173468,2022-03-24,1,2022-03,0
1488920.0,6,0.40297665421916556,23,1.544743841173468,2022-03-28,1,2022-03,0
1488920.0,6,0.40297665421916556,23,1.544743841173468,2022-03-29,1,2022-03,0
1488920.0,6,0.40297665421916556,23,1.544743841173468,2022-03-31,1,2022-03,0
1488920.0,6,0.40297665421916556,35,2.350697149611799,2022-04-01,3,2022-04,1
1488920.0,8,0.5373022056255541,35,2.350697149611799,2022-04-04,1,2022-04,1
1488920.0,8,0.5373022056255541,35,2.350697149611799,2022-04-05,2,2022-04,1
1488920.0,8,0.5373022056255541,35,2.350697149611799,2022-04-07,3,2022-04,1
1488920.0,8,0.5373022056255541,35,2.350697149611799,2022-04-08,2,2022-04,1
1488920.0,7,0.4701394299223598,35,2.350697149611799,2022-04-11,2,2022-04,1
1488920.0,7,0.4701394299223598,35,2.350697149611799,2022-04-12,1,2022-04,1
1488920.0,7,0.4701394299223598,35,2.350697149611799,2022-04-13,4,2022-04,1
1488920.0,9,0.6044649813287484,35,2.350697149611799,2022-04-18,3,2022-04,1
1488920.0,9,0.6044649813287484,35,2.350697149611799,2022-04-19,1,2022-04,1
1488920.0,9,0.6044649813287484,35,2.350697149611799,2022-04-20,5,2022-04,1
1488920.0,8,0.5373022056255541,35,2.350697149611799,2022-04-25,3,2022-04,1
1488920.0,8,0.5373022056255541,35,2.350697149611799,2022-04-26,1,2022-04,1
1488920.0,8,0.5373022056255541,35,2.350697149611799,2022-04-27,3,2022-04,1
1488920.0,8,0.5373022056255541,35,2.350697149611799,2022-04-29,1,2022-04,1
1488920.0,4,0.26865110281277704,22,1.477581065470274,2022-05-02,1,2022-05,0
1488920.0,4,0.26865110281277704,22,1.477581065470274,2022-05-04,1,2022-05,0
1488920.0,4,0.26865110281277704,22,1.477581065470274,2022-05-05,2,2022-05,0
1488920.0,5,0.33581387851597133,22,1.477581065470274,2022-05-10,3,2022-05,0
1488920.0,5,0.33581387851597133,22,1.477581065470274,2022-05-11,1,2022-05,0
1488920.0,5,0.33581387851597133,22,1.477581065470274,2022-05-13,1,2022-05,0
1488920.0,4,0.26865110281277704,22,1.477581065470274,2022-05-17,2,2022-05,0
1488920.0,4,0.26865110281277704,22,1.477581065470274,2022-05-18,2,2022-05,0
1488920.0,7,0.4701394299223598,22,1.477581065470274,2022-05-23,1,2022-05,0
1488920.0,7,0.4701394299223598,22,1.477581065470274,2022-05-24,1,2022-05,0
1488920.0,7,0.4701394299223598,22,1.477581065470274,2022-05-26,2,2022-05,0
1488920.0,7,0.4701394299223598,22,1.477581065470274,2022-05-27,2,2022-05,0
1488920.0,7,0.4701394299223598,22,1.477581065470274,2022-05-29,1,2022-05,0
1488920.0,4,0.26865110281277704,22,1.477581065470274,2022-05-30,2,2022-05,0
1488920.0,4,0.26865110281277704,30,2.014883271095828,2022-06-01,2,2022-06,1
1488920.0,7,0.4701394299223598,30,2.014883271095828,2022-06-06,2,2022-06,1
1488920.0,7,0.4701394299223598,30,2.014883271095828,2022-06-07,2,2022-06,1
1488920.0,7,0.4701394299223598,30,2.014883271095828,2022-06-08,1,2022-06,1
1488920.0,7,0.4701394299223598,30,2.014883271095828,2022-06-09,2,2022-06,1
1488920.0,11,0.738790532735137,30,2.014883271095828,2022-06-13,3,2022-06,1
1488920.0,11,0.738790532735137,30,2.014883271095828,2022-06-14,2,2022-06,1
1488920.0,11,0.738790532735137,30,2.014883271095828,2022-06-15,3,2022-06,1
1488920.0,11,0.738790532735137,30,2.014883271095828,2022-06-17,3,2022-06,1
1488920.0,3,0.20148832710958278,30,2.014883271095828,2022-06-21,2,2022-06,1
1488920.0,3,0.20148832710958278,30,2.014883271095828,2022-06-22,1,2022-06,1
1488920.0,11,0.738790532735137,30,2.014883271095828,2022-06-27,2,2022-06,1
1488920.0,11,0.738790532735137,30,2.014883271095828,2022-06-28,3,2022-06,1
1488920.0,11,0.738790532735137,30,2.014883271095828,2022-06-29,1,2022-06,1
1488920.0,11,0.738790532735137,30,2.014883271095828,2022-06-30,1,2022-06,1
1488920.0,11,0.738790532735137,39,2.619348252424576,2022-07-01,3,2022-07,1
1488920.0,11,0.738790532735137,39,2.619348252424576,2022-07-03,1,2022-07,1
1488920.0,5,0.33581387851597133,39,2.619348252424576,2022-07-04,2,2022-07,1
1488920.0,5,0.33581387851597133,39,2.619348252424576,2022-07-05,1,2022-07,1
1488920.0,5,0.33581387851597133,39,2.619348252424576,2022-07-08,2,2022-07,1
1488920.0,8,0.5373022056255541,39,2.619348252424576,2022-07-11,1,2022-07,1
1488920.0,8,0.5373022056255541,39,2.619348252424576,2022-07-12,4,2022-07,1
1488920.0,8,0.5373022056255541,39,2.619348252424576,2022-07-15,3,2022-07,1
1488920.0,12,0.8059533084383311,39,2.619348252424576,2022-07-18,1,2022-07,1
1488920.0,12,0.8059533084383311,39,2.619348252424576,2022-07-19,7,2022-07,1
1488920.0,12,0.8059533084383311,39,2.619348252424576,2022-07-20,1,2022-07,1
1488920.0,12,0.8059533084383311,39,2.619348252424576,2022-07-21,2,2022-07,1
1488920.0,12,0.8059533084383311,39,2.619348252424576,2022-07-22,1,2022-07,1
1488920.0,10,0.6716277570319427,39,2.619348252424576,2022-07-25,1,2022-07,1
1488920.0,10,0.6716277570319427,39,2.619348252424576,2022-07-26,5,2022-07,1
1488920.0,10,0.6716277570319427,39,2.619348252424576,2022-07-27,3,2022-07,1
1488920.0,10,0.6716277570319427,39,2.619348252424576,2022-07-29,1,2022-07,1
1488920.0,9,0.6044649813287484,33,2.2163715982054106,2022-08-01,1,2022-08,1
1488920.0,9,0.6044649813287484,33,2.2163715982054106,2022-08-04,2,2022-08,1
1488920.0,9,0.6044649813287484,33,2.2163715982054106,2022-08-05,6,2022-08,1
1488920.0,8,0.5373022056255541,33,2.2163715982054106,2022-08-08,2,2022-08,1
1488920.0,8,0.5373022056255541,33,2.2163715982054106,2022-08-09,2,2022-08,1
1488920.0,8,0.5373022056255541,33,2.2163715982054106,2022-08-11,1,2022-08,1
1488920.0,8,0.5373022056255541,33,2.2163715982054106,2022-08-12,3,2022-08,1
1488920.0,2,0.13432555140638852,33,2.2163715982054106,2022-08-16,1,2022-08,1
1488920.0,2,0.13432555140638852,33,2.2163715982054106,2022-08-20,1,2022-08,1
1488920.0,11,0.738790532735137,33,2.2163715982054106,2022-08-22,1,2022-08,1
1488920.0,11,0.738790532735137,33,2.2163715982054106,2022-08-23,3,2022-08,1
1488920.0,11,0.738790532735137,33,2.2163715982054106,2022-08-24,6,2022-08,1
1488920.0,11,0.738790532735137,33,2.2163715982054106,2022-08-26,1,2022-08,1
1488920.0,3,0.20148832710958278,33,2.2163715982054106,2022-08-29,1,2022-08,1
1488920.0,3,0.20148832710958278,33,2.2163715982054106,2022-08-30,2,2022-08,1
1488920.0,5,0.33581387851597133,16,1.0746044112511082,2022-09-05,2,2022-09,0
1488920.0,5,0.33581387851597133,16,1.0746044112511082,2022-09-06,1,2022-09,0
1488920.0,5,0.33581387851597133,16,1.0746044112511082,2022-09-08,2,2022-09,0
1488920.0,4,0.26865110281277704,16,1.0746044112511082,2022-09-12,1,2022-09,0
1488920.0,4,0.26865110281277704,16,1.0746044112511082,2022-09-14,1,2022-09,0
1488920.0,4,0.26865110281277704,16,1.0746044112511082,2022-09-15,2,2022-09,0
1488920.0,5,0.33581387851597133,16,1.0746044112511082,2022-09-19,2,2022-09,0
1488920.0,5,0.33581387851597133,16,1.0746044112511082,2022-09-20,2,2022-09,0
1488920.0,5,0.33581387851597133,16,1.0746044112511082,2022-09-21,1,2022-09,0
1488920.0,2,0.13432555140638852,16,1.0746044112511082,2022-09-28,1,2022-09,0
1488920.0,2,0.13432555140638852,16,1.0746044112511082,2022-09-29,1,2022-09,0
1488920.0,2,0.13432555140638852,8,0.5373022056255541,2022-10-03,2,2022-10,0
1488920.0,1,0.06716277570319426,8,0.5373022056255541,2022-10-10,1,2022-10,0
1488920.0,2,0.13432555140638852,8,0.5373022056255541,2022-10-20,2,2022-10,0
1488920.0,2,0.13432555140638852,8,0.5373022056255541,2022-10-26,1,2022-10,0
1488920.0,2,0.13432555140638852,8,0.5373022056255541,2022-10-27,1,2022-10,0
1488920.0,3,0.20148832710958278,8,0.5373022056255541,2022-10-31,1,2022-10,0
1488920.0,3,0.20148832710958278,9,0.6044649813287484,2022-11-01,1,2022-11,0
1488920.0,3,0.20148832710958278,9,0.6044649813287484,2022-11-04,1,2022-11,0
1488920.0,4,0.26865110281277704,9,0.6044649813287484,2022-11-08,2,2022-11,0
1488920.0,4,0.26865110281277704,9,0.6044649813287484,2022-11-09,1,2022-11,0
1488920.0,4,0.26865110281277704,9,0.6044649813287484,2022-11-10,1,2022-11,0
1488920.0,2,0.13432555140638852,9,0.6044649813287484,2022-11-16,1,2022-11,0
1488920.0,2,0.13432555140638852,9,0.6044649813287484,2022-11-18,1,2022-11,0
1488920.0,1,0.06716277570319426,9,0.6044649813287484,2022-11-22,1,2022-11,0
1488920.0,1,0.06716277570319426,9,0.6044649813287484,2022-12-02,1,2022-12,0
1488920.0,1,0.06716277570319426,9,0.6044649813287484,2022-12-07,1,2022-12,0
1488920.0,4,0.26865110281277704,9,0.6044649813287484,2022-12-12,2,2022-12,0
1488920.0,4,0.26865110281277704,9,0.6044649813287484,2022-12-14,2,2022-12,0
1488920.0,3,0.20148832710958278,9,0.6044649813287484,2022-12-20,1,2022-12,0
1488920.0,3,0.20148832710958278,9,0.6044649813287484,2022-12-21,1,2022-12,0
1488920.0,3,0.20148832710958278,9,0.6044649813287484,2022-12-23,1,2022-12,0
1568854.0,10,0.637407942357925,28,1.7847422386021898,2023-01-09,2,2023-01,0
1568854.0,10,0.637407942357925,28,1.7847422386021898,2023-01-11,2,2023-01,0
1568854.0,10,0.637407942357925,28,1.7847422386021898,2023-01-12,4,2023-01,0
1568854.0,10,0.637407942357925,28,1.7847422386021898,2023-01-13,2,2023-01,0
1568854.0,2,0.12748158847158497,28,1.7847422386021898,2023-01-18,2,2023-01,0
1568854.0,10,0.637407942357925,28,1.7847422386021898,2023-01-24,2,2023-01,0
1568854.0,10,0.637407942357925,28,1.7847422386021898,2023-01-25,2,2023-01,0
1568854.0,10,0.637407942357925,28,1.7847422386021898,2023-01-26,4,2023-01,0
1568854.0,10,0.637407942357925,28,1.7847422386021898,2023-01-27,2,2023-01,0
1568854.0,8,0.5099263538863399,28,1.7847422386021898,2023-01-30,6,2023-01,0
1568854.0,8,0.5099263538863399,24,1.5297790616590197,2023-02-02,2,2023-02,0
1568854.0,2,0.12748158847158497,24,1.5297790616590197,2023-02-10,2,2023-02,0
1568854.0,7,0.44618555965054746,24,1.5297790616590197,2023-02-14,1,2023-02,0
1568854.0,7,0.44618555965054746,24,1.5297790616590197,2023-02-15,2,2023-02,0
1568854.0,7,0.44618555965054746,24,1.5297790616590197,2023-02-16,2,2023-02,0
1568854.0,7,0.44618555965054746,24,1.5297790616590197,2023-02-17,2,2023-02,0
1568854.0,3,0.19122238270737746,24,1.5297790616590197,2023-02-26,3,2023-02,0
1568854.0,13,0.8286303250653024,24,1.5297790616590197,2023-02-27,4,2023-02,0
1568854.0,13,0.8286303250653024,24,1.5297790616590197,2023-02-28,6,2023-02,0
1568854.0,13,0.8286303250653024,40,2.5496317694317,2023-03-02,1,2023-03,1
1568854.0,13,0.8286303250653024,40,2.5496317694317,2023-03-03,2,2023-03,1
1568854.0,8,0.5099263538863399,40,2.5496317694317,2023-03-10,8,2023-03,1
1568854.0,1,0.06374079423579249,40,2.5496317694317,2023-03-16,1,2023-03,1
1568854.0,16,1.0198527077726798,40,2.5496317694317,2023-03-20,4,2023-03,1
1568854.0,16,1.0198527077726798,40,2.5496317694317,2023-03-22,2,2023-03,1
1568854.0,16,1.0198527077726798,40,2.5496317694317,2023-03-23,2,2023-03,1
1568854.0,16,1.0198527077726798,40,2.5496317694317,2023-03-24,8,2023-03,1
1568854.0,12,0.7648895308295098,40,2.5496317694317,2023-03-27,5,2023-03,1
1568854.0,12,0.7648895308295098,40,2.5496317694317,2023-03-29,3,2023-03,1
1568854.0,12,0.7648895308295098,40,2.5496317694317,2023-03-30,2,2023-03,1
1568854.0,12,0.7648895308295098,40,2.5496317694317,2023-03-31,2,2023-03,1
1568854.0,7,0.44618555965054746,27,1.7210014443663972,2023-04-04,1,2023-04,1
1568854.0,7,0.44618555965054746,27,1.7210014443663972,2023-04-05,2,2023-04,1
1568854.0,7,0.44618555965054746,27,1.7210014443663972,2023-04-07,2,2023-04,1
1568854.0,7,0.44618555965054746,27,1.7210014443663972,2023-04-09,2,2023-04,1
1568854.0,7,0.44618555965054746,27,1.7210014443663972,2023-04-10,4,2023-04,1
1568854.0,7,0.44618555965054746,27,1.7210014443663972,2023-04-12,1,2023-04,1
1568854.0,7,0.44618555965054746,27,1.7210014443663972,2023-04-13,2,2023-04,1
1568854.0,5,0.3187039711789625,27,1.7210014443663972,2023-04-18,3,2023-04,1
1568854.0,5,0.3187039711789625,27,1.7210014443663972,2023-04-20,2,2023-04,1
1568854.0,8,0.5099263538863399,27,1.7210014443663972,2023-04-24,2,2023-04,1
1568854.0,8,0.5099263538863399,27,1.7210014443663972,2023-04-25,2,2023-04,1
1568854.0,8,0.5099263538863399,27,1.7210014443663972,2023-04-26,2,2023-04,1
1568854.0,8,0.5099263538863399,27,1.7210014443663972,2023-04-27,1,2023-04,1
1568854.0,8,0.5099263538863399,27,1.7210014443663972,2023-04-28,1,2023-04,1
1568854.0,8,0.5099263538863399,54,3.4420028887327945,2023-05-01,1,2023-05,1
1568854.0,8,0.5099263538863399,54,3.4420028887327945,2023-05-02,5,2023-05,1
1568854.0,8,0.5099263538863399,54,3.4420028887327945,2023-05-04,1,2023-05,1
1568854.0,8,0.5099263538863399,54,3.4420028887327945,2023-05-06,1,2023-05,1
1568854.0,9,0.5736671481221325,54,3.4420028887327945,2023-05-08,2,2023-05,1
1568854.0,9,0.5736671481221325,54,3.4420028887327945,2023-05-09,2,2023-05,1
1568854.0,9,0.5736671481221325,54,3.4420028887327945,2023-05-10,1,2023-05,1
1568854.0,9,0.5736671481221325,54,3.4420028887327945,2023-05-12,2,2023-05,1
1568854.0,9,0.5736671481221325,54,3.4420028887327945,2023-05-14,2,2023-05,1
1568854.0,4,0.25496317694316994,54,3.4420028887327945,2023-05-18,3,2023-05,1
1568854.0,4,0.25496317694316994,54,3.4420028887327945,2023-05-19,1,2023-05,1
1568854.0,33,2.1034462097811524,54,3.4420028887327945,2023-05-23,1,2023-05,1
1568854.0,33,2.1034462097811524,54,3.4420028887327945,2023-05-24,24,2023-05,1
1568854.0,33,2.1034462097811524,54,3.4420028887327945,2023-05-25,4,2023-05,1
1568854.0,33,2.1034462097811524,54,3.4420028887327945,2023-05-26,4,2023-05,1
1568854.0,15,0.9561119135368875,81,5.163004333099193,2023-06-01,15,2023-06,1
1568854.0,11,0.7011487365937175,81,5.163004333099193,2023-06-06,2,2023-06,1
1568854.0,11,0.7011487365937175,81,5.163004333099193,2023-06-07,4,2023-06,1
1568854.0,11,0.7011487365937175,81,5.163004333099193,2023-06-08,2,2023-06,1
1568854.0,11,0.7011487365937175,81,5.163004333099193,2023-06-09,3,2023-06,1
1568854.0,26,1.6572606501306049,81,5.163004333099193,2023-06-12,8,2023-06,1
1568854.0,26,1.6572606501306049,81,5.163004333099193,2023-06-14,4,2023-06,1
1568854.0,26,1.6572606501306049,81,5.163004333099193,2023-06-15,6,2023-06,1
1568854.0,26,1.6572606501306049,81,5.163004333099193,2023-06-16,8,2023-06,1
1568854.0,19,1.2110750904800576,81,5.163004333099193,2023-06-19,4,2023-06,1
1568854.0,19,1.2110750904800576,81,5.163004333099193,2023-06-20,4,2023-06,1
1568854.0,19,1.2110750904800576,81,5.163004333099193,2023-06-21,8,2023-06,1
1568854.0,19,1.2110750904800576,81,5.163004333099193,2023-06-22,2,2023-06,1
1568854.0,19,1.2110750904800576,81,5.163004333099193,2023-06-23,1,2023-06,1
1568854.0,10,0.637407942357925,81,5.163004333099193,2023-06-26,5,2023-06,1
1568854.0,10,0.637407942357925,81,5.163004333099193,2023-06-27,2,2023-06,1
1568854.0,10,0.637407942357925,81,5.163004333099193,2023-06-28,1,2023-06,1
1568854.0,10,0.637407942357925,81,5.163004333099193,2023-06-29,2,2023-06,1
1568854.0,5,0.3187039711789625,21,1.3385566789516425,2023-07-03,2,2023-07,0
1568854.0,5,0.3187039711789625,21,1.3385566789516425,2023-07-07,3,2023-07,0
1568854.0,5,0.3187039711789625,21,1.3385566789516425,2023-07-10,2,2023-07,0
1568854.0,5,0.3187039711789625,21,1.3385566789516425,2023-07-13,1,2023-07,0
1568854.0,5,0.3187039711789625,21,1.3385566789516425,2023-07-14,2,2023-07,0
1568854.0,8,0.5099263538863399,21,1.3385566789516425,2023-07-17,1,2023-07,0
1568854.0,8,0.5099263538863399,21,1.3385566789516425,2023-07-20,6,2023-07,0
1568854.0,8,0.5099263538863399,21,1.3385566789516425,2023-07-21,1,2023-07,0
1568854.0,3,0.19122238270737746,21,1.3385566789516425,2023-07-24,3,2023-07,0
1568854.0,5,0.3187039711789625,37,2.3584093867243223,2023-08-01,1,2023-08,1
1568854.0,5,0.3187039711789625,37,2.3584093867243223,2023-08-04,4,2023-08,1
1568854.0,15,0.9561119135368875,37,2.3584093867243223,2023-08-07,4,2023-08,1
1568854.0,15,0.9561119135368875,37,2.3584093867243223,2023-08-08,4,2023-08,1
1568854.0,15,0.9561119135368875,37,2.3584093867243223,2023-08-09,1,2023-08,1
1568854.0,15,0.9561119135368875,37,2.3584093867243223,2023-08-10,3,2023-08,1
1568854.0,15,0.9561119135368875,37,2.3584093867243223,2023-08-11,3,2023-08,1
1568854.0,14,0.8923711193010949,37,2.3584093867243223,2023-08-14,2,2023-08,1
1568854.0,14,0.8923711193010949,37,2.3584093867243223,2023-08-15,4,2023-08,1
1568854.0,14,0.8923711193010949,37,2.3584093867243223,2023-08-16,5,2023-08,1
1568854.0,14,0.8923711193010949,37,2.3584093867243223,2023-08-17,1,2023-08,1
1568854.0,14,0.8923711193010949,37,2.3584093867243223,2023-08-18,2,2023-08,1
1568854.0,2,0.12748158847158497,37,2.3584093867243223,2023-08-21,1,2023-08,1
1568854.0,2,0.12748158847158497,37,2.3584093867243223,2023-08-25,1,2023-08,1
1568854.0,2,0.12748158847158497,37,2.3584093867243223,2023-08-29,1,2023-08,1
1568854.0,2,0.12748158847158497,27,1.7210014443663972,2023-09-01,1,2023-09,1
1568854.0,8,0.5099263538863399,27,1.7210014443663972,2023-09-04,1,2023-09,1
1568854.0,8,0.5099263538863399,27,1.7210014443663972,2023-09-05,6,2023-09,1
1568854.0,8,0.5099263538863399,27,1.7210014443663972,2023-09-06,1,2023-09,1
1568854.0,6,0.3824447654147549,27,1.7210014443663972,2023-09-11,4,2023-09,1
1568854.0,6,0.3824447654147549,27,1.7210014443663972,2023-09-12,1,2023-09,1
1568854.0,6,0.3824447654147549,27,1.7210014443663972,2023-09-14,1,2023-09,1
1568854.0,9,0.5736671481221325,27,1.7210014443663972,2023-09-18,3,2023-09,1
1568854.0,9,0.5736671481221325,27,1.7210014443663972,2023-09-19,2,2023-09,1
1568854.0,9,0.5736671481221325,27,1.7210014443663972,2023-09-20,2,2023-09,1
1568854.0,9,0.5736671481221325,27,1.7210014443663972,2023-09-21,2,2023-09,1
1568854.0,3,0.19122238270737746,27,1.7210014443663972,2023-09-25,1,2023-09,1
1568854.0,3,0.19122238270737746,27,1.7210014443663972,2023-09-26,1,2023-09,1
1568854.0,3,0.19122238270737746,27,1.7210014443663972,2023-09-28,1,2023-09,1
1568854.0,5,0.3187039711789625,6,0.3824447654147549,2023-10-18,1,2023-10,0
1568854.0,5,0.3187039711789625,6,0.3824447654147549,2023-10-19,2,2023-10,0
1568854.0,5,0.3187039711789625,6,0.3824447654147549,2023-10-20,2,2023-10,0
1568854.0,1,0.06374079423579249,6,0.3824447654147549,2023-10-25,1,2023-10,0
1568854.0,2,0.12748158847158497,11,0.7011487365937175,2023-11-02,1,2023-11,0
1568854.0,2,0.12748158847158497,11,0.7011487365937175,2023-11-03,1,2023-11,0
1568854.0,3,0.19122238270737746,11,0.7011487365937175,2023-11-21,1,2023-11,0
1568854.0,3,0.19122238270737746,11,0.7011487365937175,2023-11-22,1,2023-11,0
1568854.0,3,0.19122238270737746,11,0.7011487365937175,2023-11-23,1,2023-11,0
1568854.0,6,0.3824447654147549,11,0.7011487365937175,2023-11-28,1,2023-11,0
1568854.0,6,0.3824447654147549,11,0.7011487365937175,2023-11-29,4,2023-11,0
1568854.0,6,0.3824447654147549,11,0.7011487365937175,2023-11-30,1,2023-11,0
1568854.0,3,0.19122238270737746,11,0.7011487365937175,2023-12-07,3,2023-12,0
1568854.0,3,0.19122238270737746,11,0.7011487365937175,2023-12-11,2,2023-12,0
1568854.0,3,0.19122238270737746,11,0.7011487365937175,2023-12-15,1,2023-12,0
1568854.0,3,0.19122238270737746,11,0.7011487365937175,2023-12-19,2,2023-12,0
1568854.0,3,0.19122238270737746,11,0.7011487365937175,2023-12-23,1,2023-12,0
1568854.0,2,0.12748158847158497,11,0.7011487365937175,2023-12-27,2,2023-12,0
